[
    {
        "id": 0,
        "text": "ALI SAMEH  \nJUNIOR DATA SCIENTIST  \nEmail    Phone:  +201092012431    Address:  Elqanater  Elkhairia,  Cairo   LinkedIn  \n \nSUMMARY  \nSeeking an internship or entry -level role as a Data scientist  to apply academic knowledge to real -\nworld scenarios. Passionate about leveraging cutting -edge technologies and analytical skills to solve complex \nproblems in a dynamic environment.  \nWORK EXPERIENCE  \nIntern,  Mentorness ( May2024 -Jun.2024)  \n\u2022 Worked as a data scientist,  with 3 tasks including 2 ML projects, a classification project and a time \nseries project , and a theoretical  task to enhance presentation skills,  and a final test.   \nIntern, Cellula Technologies  (August 2023 - October 2023)  \n\u2022 Functioned as a Data Scientist , leading  2 end-to-end projects from data preprocessing to model \ndeployment.  \nEDUCATION  \nBachelor of Computer and Information Science,  Ain Shams University,  Cairo.  \n\u2022 Graduation time : June 2024.  \nEXTRACURRICULAR ACTIVITIES"
    },
    {
        "id": 1,
        "text": "deployment.  \nEDUCATION  \nBachelor of Computer and Information Science,  Ain Shams University,  Cairo.  \n\u2022 Graduation time : June 2024.  \nEXTRACURRICULAR ACTIVITIES  \nTrainer, Robotech ASU Summer Training  (JOCT.2020 -Jun.2024 ) \n\u2022 Instructed students in microcontroller programming, focusing on Arduino UNO and nodeMCU, and \nconducted  around 12  training sessions on IoT concepts, applications, and protocols.  \nVolunteer, Resala Charity  (2015 -present ) \n\u2022 Contributed to charitable initiatives by providing food and delivering essentials to the \nunderprivileged  through  7 years as a volunteer and a team leader . \nOrganizer, IEEE FCIH Branch  (Oct .2020 -Sep. 2021 ) \n\u2022 Worked as a Public Relations member, contributing to the organization of a programming hackathon, \nand successfully attracted sponsors and advertisers for the event, including prominent involvement \nfrom YOUM7.  \nPROJECTS : \n     TalkTact  (GP)  \n\u2022 Language/Tools: Flutter, NLP, Python"
    },
    {
        "id": 2,
        "text": "and successfully attracted sponsors and advertisers for the event, including prominent involvement \nfrom YOUM7.  \nPROJECTS : \n     TalkTact  (GP)  \n\u2022 Language/Tools: Flutter, NLP, Python  \n\u2022 Concepts: Chatbot Development, English Language Practice, Deep learning (GitHub ) \n       NYC Taxi Fare Prediction  \n\u2022 Language/Tools: Python (NumPy, pandas, seaborn)  \n\u2022 Concepts: Machine Learning  (Regression), Data Preprocessing , Django deployment (GitHub ). \n       Disease prediction  \n\u2022 Language/Tools: Python, Pandas, NumPy, Matplotlib, Seaborn, Scikit -learn.  \n\u2022 Concepts: ML, preprocessing , model train and test, Grid  search , Ensemble method,  SMOTE .(GitHub )  \n       Hotel Booking Prediction  \n\u2022 Language/Tools: Python (pandas, NumPy , matplotlib, seaborn, JobLib, Sklearn)  \n\u2022 Concepts: M L (Classification), Data Preprocessing , Flusk deployment (GitHub ). \nMarket price prediction  \n\u2022 Language/Tools: Python, Pandas, NumPy, Matplotlib, Time series split, LSTM, Scikit -learn."
    },
    {
        "id": 3,
        "text": "Market price prediction  \n\u2022 Language/Tools: Python, Pandas, NumPy, Matplotlib, Time series split, LSTM, Scikit -learn.  \n\u2022 Concepts: ML, EDA, time series model building and evaluation .(GitHub ) \nsentiment Analysis for Movie  Reviews  \n\u2022 Language/Tools: DL(NLP) , scikit -learn, pandas , cre, spacy,  NLTK , Pandas, NumPy, Seaborn . \n\u2022 Concepts: DL(NLP), Preprocessing , Data visualization,  text vectorization (GitHub ) Mega Store Profits Prediction  \n\u2022 Language/Tools: Python, pandas, scikit -learn  \n\u2022 Concepts:  ML, Data preprocessing,  ensemble learning (GitHub ) \n \n  Bank loan prediction  \n\u2022 Language/Tools: Python, Pandas, NumPy, Matplotlib, Seaborn, Scikit -learn.  \n\u2022 Concepts:  ML, EDA,  model building and evaluation. (GitHub ) \n        Chatting app project  \n\u2022 Language/Tools: Python, PyQt   GUI, MySQL.  \n\u2022 Concepts: Data Structures, Object -Oriented Programming, GUI Design (GitHub ) \n           IoT Weather Station Prototype  \n\u2022 Language/Tools: Arduino, ESP32 microcontroller."
    },
    {
        "id": 4,
        "text": "\u2022 Concepts: Data Structures, Object -Oriented Programming, GUI Design (GitHub ) \n           IoT Weather Station Prototype  \n\u2022 Language/Tools: Arduino, ESP32 microcontroller.  \n\u2022 Concept: IOT robotics project (GitHub ) \n COURSES/ACHIEVMENTS  \nML Specialization - Coursera  \n\u2022 Supervised Machine Learning: Regression and Classification  \n\u2022 Advanced Learning Algorithms  \n\u2022 Unsupervised Learning, Recommenders, Reinforcement Learning  \nDL Specialization - Coursera  \n\u2022 Neural Networks Fundamentals  \n\u2022 Improving Deep Neural Networks: Hyperparameter Tuning, Regularization, and Optimization . \nData Analysis Track - DataCamp  \n\u2022 Mastered data analysis and visualization techniques in Python through comprehensive course s \nWeb Development Track - Beta Academy  \n\u2022 Acquired skills in web development to deploy Machine Learning and Deep Learning projects \neffectively.   \nTrainee, NTI, ITIDA AI Summer Training"
    },
    {
        "id": 5,
        "text": "Web Development Track - Beta Academy  \n\u2022 Acquired skills in web development to deploy Machine Learning and Deep Learning projects \neffectively.   \nTrainee, NTI, ITIDA AI Summer Training  \n\u2022  Acquired comprehensive knowledge of AI principles, including data analysis, fundamental   \nmachine learning, and deep learning algorithms, through 90 hours of technical sessions with  \n30 hours of soft skills training over 2 months , 6 days a week . \nTrainee, ITI Cyber Security Summer Training  \n\u2022 Gained insights into network, Windows Server, CentOS Linux, and defensive hacking tools \nduring a 120 -hour training program spanning 4 consecutive weeks.  \nTrainee, ITIDA, TIEC Training  \n\u2022 Gained insights into kickstarting a career with a startup, understanding product advertising, \nand exploring the intersection of computer science and business.  \nSKILLS : \n\u2022 problem solving  \n\u2022 Docker  \u2022 Leadership  \n\u2022 Communication  \n \u2022 Python   \n\u2022 Git \n \u2022 Scikit -learn/pytorch  \n\u2022 Tensor flow/Keras"
    },
    {
        "id": 6,
        "text": "SKILLS : \n\u2022 problem solving  \n\u2022 Docker  \u2022 Leadership  \n\u2022 Communication  \n \u2022 Python   \n\u2022 Git \n \u2022 Scikit -learn/pytorch  \n\u2022 Tensor flow/Keras  \n\u2022  \u2022 Pandas/ NumPy  \n\u2022 Matplotlib/seaborn"
    },
    {
        "id": 7,
        "text": "ALI SAMEH  \nJUNIOR DATA SCIENTIST  \nEmail    Phone:  +201092012431    Address:  Elqanater  Elkhairia,  Cairo   LinkedIn  \n \nSUMMARY  \nSeeking an internship or entry -level role as a Data scientist  to apply academic knowledge to real -\nworld scenarios. Passionate about leveraging cutting -edge technologies and analytical skills to solve complex \nproblems in a dynamic environment.  \nWORK EXPERIENCE  \nIntern,  Mentorness ( May2024 -Jun.2024)  \n\u2022 Worked as a data scientist,  with 3 tasks including 2 ML projects, a classification project and a time \nseries project , and a theoretical  task to enhance presentation skills,  and a final test.   \nIntern, Cellula Technologies  (August 2023 - October 2023)  \n\u2022 Functioned as a Data Scientist , leading  2 end-to-end projects from data preprocessing to model \ndeployment.  \nEDUCATION  \nBachelor of Computer and Information Science,  Ain Shams University,  Cairo.  \n\u2022 Graduation time : June 2024.  \nEXTRACURRICULAR ACTIVITIES"
    },
    {
        "id": 8,
        "text": "deployment.  \nEDUCATION  \nBachelor of Computer and Information Science,  Ain Shams University,  Cairo.  \n\u2022 Graduation time : June 2024.  \nEXTRACURRICULAR ACTIVITIES  \nTrainer, Robotech ASU Summer Training  (JOCT.2020 -Jun.2024 ) \n\u2022 Instructed students in microcontroller programming, focusing on Arduino UNO and nodeMCU, and \nconducted  around 12  training sessions on IoT concepts, applications, and protocols.  \nVolunteer, Resala Charity  (2015 -present ) \n\u2022 Contributed to charitable initiatives by providing food and delivering essentials to the \nunderprivileged  through  7 years as a volunteer and a team leader . \nOrganizer, IEEE FCIH Branch  (Oct .2020 -Sep. 2021 ) \n\u2022 Worked as a Public Relations member, contributing to the organization of a programming hackathon, \nand successfully attracted sponsors and advertisers for the event, including prominent involvement \nfrom YOUM7.  \nPROJECTS : \n     TalkTact  (GP)  \n\u2022 Language/Tools: Flutter, NLP, Python"
    },
    {
        "id": 9,
        "text": "and successfully attracted sponsors and advertisers for the event, including prominent involvement \nfrom YOUM7.  \nPROJECTS : \n     TalkTact  (GP)  \n\u2022 Language/Tools: Flutter, NLP, Python  \n\u2022 Concepts: Chatbot Development, English Language Practice, Deep learning  \n       NYC Taxi Fare Prediction  \n\u2022 Language/Tools: Python (NumPy, pandas, seaborn)  \n\u2022 Concepts: Machine Learning  (Regression), Data Preprocessing , Django deployment (GitHub ). \n        Disease prediction  \n\u2022 Language/Tools: Python, Pandas, NumPy, Matplotlib, Seaborn, Scikit -learn.  \n\u2022 Concepts: ML, preprocessing , model train and test, Grid  search , Ensemble method,  SMOTE .(GitHub )  \n       Hotel Booking Prediction  \n\u2022 Language/Tools: Python (pandas, NumPy , matplotlib, seaborn, JobLib, Sklearn)  \n\u2022 Concepts: M L (Classification), Data Preprocessing , Flusk deployment (GitHub ). \nMarket price prediction  \n\u2022 Language/Tools: Python, Pandas, NumPy, Matplotlib, Time series split, LSTM, Scikit -learn."
    },
    {
        "id": 10,
        "text": "Market price prediction  \n\u2022 Language/Tools: Python, Pandas, NumPy, Matplotlib, Time series split, LSTM, Scikit -learn.  \n\u2022 Concepts: ML, EDA, time series model building and evaluation .(GitHub ) \nsentiment Analysis for Movie  Reviews  \n\u2022 Language/Tools: DL(NLP) , scikit -learn, pandas , cre, spacy,  NLTK , Pandas, NumPy, Seaborn . \n\u2022 Concepts: DL(NLP), Preprocessing , Data visualization,  text vectorization (GitHub ) Mega Store Profits Prediction  \n\u2022 Language/Tools: Python, pandas, scikit -learn  \n\u2022 Concepts:  ML, Data preprocessing,  ensemble learning (GitHub ) \n \n  Bank loan prediction  \n\u2022 Language/Tools: Python, Pandas, NumPy, Matplotlib, Seaborn, Scikit -learn.  \n\u2022 Concepts:  ML, EDA,  model building and evaluation. (GitHub ) \n        Chatting app project  \n\u2022 Language/Tools: Python, PyQt   GUI, MySQL.  \n\u2022 Concepts: Data Structures, Object -Oriented Programming, GUI Design (GitHub ) \n           IoT Weather Station Prototype  \n\u2022 Language/Tools: Arduino, ESP32 microcontroller."
    },
    {
        "id": 11,
        "text": "\u2022 Concepts: Data Structures, Object -Oriented Programming, GUI Design (GitHub ) \n           IoT Weather Station Prototype  \n\u2022 Language/Tools: Arduino, ESP32 microcontroller.  \n\u2022 Concept: IOT robotics project (GitHub ) \n COURSES/ACHIEVMENTS  \nML Specialization - Coursera  \n\u2022 Supervised Machine Learning: Regression and Classification  \n\u2022 Advanced Learning Algorithms  \n\u2022 Unsupervised Learning, Recommenders, Reinforcement Learning  \nDL Specialization - Coursera  \n\u2022 Neural Networks Fundamentals  \n\u2022 Improving Deep Neural Networks: Hyperparameter Tuning, Regularization, and Optimization . \nData Analysis Track - DataCamp  \n\u2022 Mastered data analysis and visualization techniques in Python through comprehensive course s \nWeb Development Track - Beta Academy  \n\u2022 Acquired skills in web development to deploy Machine Learning and Deep Learning projects \neffectively.   \nTrainee, NTI, ITIDA AI Summer Training"
    },
    {
        "id": 12,
        "text": "Web Development Track - Beta Academy  \n\u2022 Acquired skills in web development to deploy Machine Learning and Deep Learning projects \neffectively.   \nTrainee, NTI, ITIDA AI Summer Training  \n\u2022  Acquired comprehensive knowledge of AI principles, including data analysis, fundamental   \nmachine learning, and deep learning algorithms, through 90 hours of technical sessions with  \n30 hours of soft skills training over 2 months , 6 days a week . \nTrainee, ITI Cyber Security Summer Training  \n\u2022 Gained insights into network, Windows Server, CentOS Linux, and defensive hacking tools \nduring a 120 -hour training program spanning 4 consecutive weeks.  \nTrainee, ITIDA, TIEC Training  \n\u2022 Gained insights into kickstarting a career with a startup, understanding product advertising, \nand exploring the intersection of computer science and business.  \nSKILLS : \n\u2022 problem solving  \n\u2022 Docker  \u2022 Leadership  \n\u2022 Communication  \n \u2022 Python   \n\u2022 Git \n \u2022 Scikit -learn/pytorch  \n\u2022 Tensor flow/Keras"
    },
    {
        "id": 13,
        "text": "SKILLS : \n\u2022 problem solving  \n\u2022 Docker  \u2022 Leadership  \n\u2022 Communication  \n \u2022 Python   \n\u2022 Git \n \u2022 Scikit -learn/pytorch  \n\u2022 Tensor flow/Keras  \n\u2022  \u2022 Pandas/ NumPy  \n\u2022 Matplotlib/seaborn"
    },
    {
        "id": 14,
        "text": "ALI ABD ELRHMAN   \nDATA SCIENTIST  \nEmail    Phone:  +201092012431    Address:  Elqanater  Elkhairia,  Cairo   LinkedIn  \n \nSUMMARY  \nData scientist intern at Giza  system s, after graduating with a bachelor \u2019s degree in computer science \nfrom A in Shams university , marks a signifi cant milestone in my prof essional journey . Building  on m y \nexpe rtise in Data science,  I aim to deliver impactful data driven solutions . \nWORK EXPERIENCE  \nIntern , Giza systems (sep.2024  \u2013 present ) \n\u2022 Work ing as a data scientist  on real world data science  projects to deliver data driven solutions b y \napplying w hat I have learned in data science , Machine learning , Deep  learni ng concepts.  \nIntern , Mentorness ( May2024 -Jun.2024)  \n\u2022 Work ed as a data scientist,  with 3 tasks including 2 ML projects, a classification project and a time \nseries project , and a theoretical  task to enhance presentation skills,  and a final test.   \nIntern, Cellula Technologies  (August 2023 - October 2023)"
    },
    {
        "id": 15,
        "text": "series project , and a theoretical  task to enhance presentation skills,  and a final test.   \nIntern, Cellula Technologies  (August 2023 - October 2023)  \n\u2022 Functioned as a Data Scientist , leading  2 end-to-end projects from data preprocessing to model \ndeployment.  \nEDUCATION  \nBachelor of Computer and Information Science,  Ain Shams University,  Cairo.  \n\u2022 Graduation time : June 2024.  \nEXTRACURRICULAR ACTIVITIES  \nTrainer, Robotech ASU Summer Training  (JOCT.2020 -Jun.2024 ) \n\u2022 Instructed students in microcontroller  programming, focusing on Arduino UNO and nodeMCU, and \nconducted  around 12  training sessions on IoT concepts, applications, and protocols.  \nVolunteer, Resala Charity  (2015 -present ) \n\u2022 Contributed to charitable initiatives by providing food and delivering essentials to the \nunderprivileged  through  7 years as a volunteer and a team leader . \nOrganizer, IEEE FCIH Branch  (Oct .2020 -Sep. 2021 )"
    },
    {
        "id": 16,
        "text": "underprivileged  through  7 years as a volunteer and a team leader . \nOrganizer, IEEE FCIH Branch  (Oct .2020 -Sep. 2021 ) \n\u2022 Worked as a Public Relations member, contributing to the organization of a programming hackathon, \nand successfully attracted sponsors and advertisers for the event, including prominent involvement \nfrom YOUM7.  \nPROJECTS  \n     TalkTact  (GP)  \n\u2022 Language/Tools: Flutter, NLP, Python  \n\u2022 Concepts: Chatbot Development, English Language Practice, Deep learning (GitHub ) \n       NYC Taxi Fare Prediction  \n\u2022 Language/Tools: Python (NumPy, pandas, seaborn)  \n\u2022 Concepts: Machine Learning  (Regression), Data Preprocessing , Django deployment (GitHub ). \n       Disease prediction  \n\u2022 Language/Tools: Python, Pandas, NumPy, Matplotlib, Seaborn, Scikit -learn.  \n\u2022 Concepts: ML, preprocessing , model train and test, Grid  search , Ensemble method,  SMOTE .(GitHub )  \n       Hotel Booking Prediction"
    },
    {
        "id": 17,
        "text": "\u2022 Concepts: ML, preprocessing , model train and test, Grid  search , Ensemble method,  SMOTE .(GitHub )  \n       Hotel Booking Prediction  \n\u2022 Language/Tools: Python (pandas, NumPy , matplotlib, seaborn, JobLib, Sklearn)  \n\u2022 Concepts: M L (Classification), Data Preprocessing , Flusk deployment (GitHub ). \nMarket price prediction  \n\u2022 Language/Tools: Python, Pandas, NumPy, Matplotlib, Time series split, LSTM, Scikit -learn.  \n\u2022 Concepts: ML, EDA, time series model building and evaluation .(GitHub ) \nsentiment Analysis for Movie  Reviews  \n\u2022 Language/Tools: DL(NLP) , scikit -learn, pandas , cre, spacy,  NLTK , Pandas, NumPy, Seaborn . \n\u2022 Concepts: DL(NLP), Preprocessing , Data visualization,  text vectorization (GitHub ) \nMega Store Profits Prediction  \u2022 Language/Tools: Python, pandas, scikit -learn  \n\u2022 Concepts:  ML, Data preprocessing,  ensemble learning (GitHub ) \n  Bank loan prediction  \n\u2022 Language/Tools: Python, Pandas, NumPy, Matplotlib, Seaborn, Scikit -learn."
    },
    {
        "id": 18,
        "text": "\u2022 Concepts:  ML, Data preprocessing,  ensemble learning (GitHub ) \n  Bank loan prediction  \n\u2022 Language/Tools: Python, Pandas, NumPy, Matplotlib, Seaborn, Scikit -learn.  \n\u2022 Concepts:  ML, EDA,  model building and evaluation. (GitHub ) \n        Chatting app project  \n\u2022 Language/Tools: Python, PyQt   GUI, MySQL.  \n\u2022 Concepts: Data Structures, Object -Oriented Programming, GUI Design (GitHub ) \n           IoT Weather Station Prototype  \n\u2022 Language/Tools: Arduino, ESP32 microcontroller.  \n\u2022 Concept: IOT robotics project (GitHub ) \n COURSES/ACHIEVMENTS  \nML Specialization - Coursera  \n\u2022 Supervised Machine Learning: Regression and Classification  \n\u2022 Advanced Learning Algorithms  \n\u2022 Unsupervised Learning, Recommenders, Reinforcement Learning  \nDL Specialization - Coursera  \n\u2022 Neural Networks Fundamentals  \n\u2022 Improving Deep Neural Networks: Hyperparameter Tuning, Regularization, and Optimization . \nData Analysis Track - DataCamp"
    },
    {
        "id": 19,
        "text": "DL Specialization - Coursera  \n\u2022 Neural Networks Fundamentals  \n\u2022 Improving Deep Neural Networks: Hyperparameter Tuning, Regularization, and Optimization . \nData Analysis Track - DataCamp  \n\u2022 Mastered data analysis and visualization techniques in Python through comprehensive course s \nWeb Development Track - Beta Academy  \n\u2022 Acquired skills in web development to deploy Machine Learning and Deep Learning projects \neffectively.   \nTrainee, NTI, ITIDA AI Summer Training  \n\u2022  Acquired comprehensive knowledge of AI principles, including data analysis, fundamental   \nmachine learning, and deep learning algorithms, through 90 hours of technical sessions with  \n30 hours of soft skills training over 2 months , 6 days a week . \nTrainee, ITI Cyber Security Summer Training  \n\u2022 Gained insights into network, Windows Server, CentOS Linux, and defensive hacking tools \nduring a 120 -hour training program spanning 4 consecutive weeks.  \nTrainee, ITIDA, TIEC Training"
    },
    {
        "id": 20,
        "text": "\u2022 Gained insights into network, Windows Server, CentOS Linux, and defensive hacking tools \nduring a 120 -hour training program spanning 4 consecutive weeks.  \nTrainee, ITIDA, TIEC Training  \n\u2022 Gained insights into kickstarting a career with a startup, understanding product advertising, \nand exploring the intersection of computer science and business.  \nSKILLS  \n\u2022 problem solving  \n\u2022 Docker  \u2022 Leadership  \n\u2022 Communication  \n \u2022 Python   \n\u2022 Git \n \u2022 Scikit -learn/pytorch  \n\u2022 Tensor flow/Keras  \n\u2022  \u2022 Pandas/ NumPy  \n\u2022 Matplotlib/seaborn"
    }
]